ID,NAME,DESCRIPTION,BACKGROUND,FACE,UPGRADE,OUTFIT,HEAD,EYEWEAR,HAND,MINTED
1,DYSTOPIAN NANCY #1,THE TECH SINGULARITY IS HERE: TWO HUNDRED 1/1 GENERATIVE DYSTOPIAN NANCY'S - WHICH SIDE ARE YOU ON?,ALL SEEING EYE B,SCALES B,SIGNAL SUBDERMAL,BLUE BOMBER JACKET,HAIR,VISOR B,BEHOLDER B,yes
2,DYSTOPIAN NANCY #2,THE TECH SINGULARITY IS HERE: TWO HUNDRED 1/1 GENERATIVE DYSTOPIAN NANCY'S - WHICH SIDE ARE YOU ON?,BATTLEFIELD P,ROBOT P,COMPLETE,PURPLE YBN SHIRT,GLOWING HAIR P,NONE,DATA CUBE P,YES
3,DYSTOPIAN NANCY #3,THE TECH SINGULARITY IS HERE: TWO HUNDRED 1/1 GENERATIVE DYSTOPIAN NANCY'S - WHICH SIDE ARE YOU ON?,LOVELY B,ANGRY,SIGNAL SUBDERMAL,BLUE YBN SHIRT,GLOWING HAIR B,NONE,LASER SWORD B,YES
4,DYSTOPIAN NANCY #4,THE TECH SINGULARITY IS HERE: TWO HUNDRED 1/1 GENERATIVE DYSTOPIAN NANCY'S - WHICH SIDE ARE YOU ON?,ROBOT GENERATOR B,ROBO EYE B,SCANNER SUBDERMAL,BLUE CHARGER JACKET,HAIR,NONE,SIMULATION SCREEN B,YES
5,DYSTOPIAN NANCY #5,THE TECH SINGULARITY IS HERE: TWO HUNDRED 1/1 GENERATIVE DYSTOPIAN NANCY'S - WHICH SIDE ARE YOU ON?,ALL SEEING EYE P,ANGRY,EXPOSED BIONICS,BLACK BOMBER JACKET,HAIR,HOLO GLASSES P,SIMULATION SCREEN P,YES
6,DYSTOPIAN NANCY #6,THE TECH SINGULARITY IS HERE: TWO HUNDRED 1/1 GENERATIVE DYSTOPIAN NANCY'S - WHICH SIDE ARE YOU ON?,HOLOGRAM P,SCAR P,SCANNER SUBDERMAL,BLACK BOMBER JACKET,YBN BEANING P,NONE,LASER SWORD P,YES
7,DYSTOPIAN NANCY #7,THE TECH SINGULARITY IS HERE: TWO HUNDRED 1/1 GENERATIVE DYSTOPIAN NANCY'S - WHICH SIDE ARE YOU ON?,LOVELY B,ANGRY,SCANNER SUBDERMAL,BLUE CHARGER SHIRT,HAIR,VISOR B,LIGHT ORB,YES
8,DYSTOPIAN NANCY #8,THE TECH SINGULARITY IS HERE: TWO HUNDRED 1/1 GENERATIVE DYSTOPIAN NANCY'S - WHICH SIDE ARE YOU ON?,ALL SEEING EYE P,SCAR P,NONE,PURPLE MONITOR JACKET,HAIR,NONE,LASER SWORD P,YES
9,DYSTOPIAN NANCY #9,THE TECH SINGULARITY IS HERE: TWO HUNDRED 1/1 GENERATIVE DYSTOPIAN NANCY'S - WHICH SIDE ARE YOU ON?,DRONE P,ANGRY,EXPOSED BIONICS,PURPLE LASER-PROOF VEST,HAIR,NONE,RAYGUN P,YES
10,DYSTOPIAN NANCY #10,THE TECH SINGULARITY IS HERE: TWO HUNDRED 1/1 GENERATIVE DYSTOPIAN NANCY'S - WHICH SIDE ARE YOU ON?,BATTLEFIELD B,HAPPY,SCANNER SUBDERMAL,BLUE MONITOR JACKET,HAIR,NONE,LIGHT ORB,YES
11,DYSTOPIAN NANCY #11,THE TECH SINGULARITY IS HERE: TWO HUNDRED 1/1 GENERATIVE DYSTOPIAN NANCY'S - WHICH SIDE ARE YOU ON?,ROBOT GENERATOR P,ROBOT P,COMPLETE,PURPLE LASER-PROOF VEST,NEUROLINK 69000 P,NONE,DATA CUBE P,YES
12,DYSTOPIAN NANCY #12,THE TECH SINGULARITY IS HERE: TWO HUNDRED 1/1 GENERATIVE DYSTOPIAN NANCY'S - WHICH SIDE ARE YOU ON?,HOLOGRAM B,DRUNK,SCANNER SUBDERMAL,BLUE CHARGER JACKET,LRC BEANIE B,VISOR B,LIGHT ORB,YES
13,DYSTOPIAN NANCY #13,THE TECH SINGULARITY IS HERE: TWO HUNDRED 1/1 GENERATIVE DYSTOPIAN NANCY'S - WHICH SIDE ARE YOU ON?,CLONE P,ROBOT P,COMPLETE,PURPLE CHARGER JACKET,GLOWING HAIR P,HOLO GLASSES P,DATA CUBE P,YES
14,DYSTOPIAN NANCY #14,THE TECH SINGULARITY IS HERE: TWO HUNDRED 1/1 GENERATIVE DYSTOPIAN NANCY'S - WHICH SIDE ARE YOU ON?,BATTLEFIELD P,ANGRY,EXPOSED BIONICS,PURPLE ELASTIC SHIRT,GLOWING HAIR P,NONE,LASER SWORD P,YES
15,DYSTOPIAN NANCY #15,THE TECH SINGULARITY IS HERE: TWO HUNDRED 1/1 GENERATIVE DYSTOPIAN NANCY'S - WHICH SIDE ARE YOU ON?,DRONE P,SCAR P,SCANNER SUBDERMAL,PURPLE YBN SHIRT,HAIR,NONE,BEHOLDER P,yes
16,DYSTOPIAN NANCY #16,THE TECH SINGULARITY IS HERE: TWO HUNDRED 1/1 GENERATIVE DYSTOPIAN NANCY'S - WHICH SIDE ARE YOU ON?,CLONE P,ROBOT P,COMPLETE,PURPLE ELASTIC SHIRT,GLOWING HAIR P,NONE,DATA CUBE P,YES
17,DYSTOPIAN NANCY #17,THE TECH SINGULARITY IS HERE: TWO HUNDRED 1/1 GENERATIVE DYSTOPIAN NANCY'S - WHICH SIDE ARE YOU ON?,HOLOGRAM B,GRILL B,SIGNAL SUBDERMAL,BLUE TRANSPARENT JACKET,HAIR,NONE,BEHOLDER B,YES
18,DYSTOPIAN NANCY #18,THE TECH SINGULARITY IS HERE: TWO HUNDRED 1/1 GENERATIVE DYSTOPIAN NANCY'S - WHICH SIDE ARE YOU ON?,LOVELY B,ANGRY,EXPOSED BIONICS,BLACK BOMBER JACKET,HAIR,HOLO GLASSES B,RAYGUN B,YES
19,DYSTOPIAN NANCY #19,THE TECH SINGULARITY IS HERE: TWO HUNDRED 1/1 GENERATIVE DYSTOPIAN NANCY'S - WHICH SIDE ARE YOU ON?,ROBOT GENERATOR B,SCAR B,SCANNER SUBDERMAL,BLUE TRANSPARENT JACKET,HAIR,NONE,BEHOLDER B,YES
20,DYSTOPIAN NANCY #20,THE TECH SINGULARITY IS HERE: TWO HUNDRED 1/1 GENERATIVE DYSTOPIAN NANCY'S - WHICH SIDE ARE YOU ON?,DRONE B,ROBOT B,COMPLETE,BLUE MOTORBIKE JACKET,GLOWING HAIR B,NONE,ROBOT B HAND,YES
21,DYSTOPIAN NANCY #21,THE TECH SINGULARITY IS HERE: TWO HUNDRED 1/1 GENERATIVE DYSTOPIAN NANCY'S - WHICH SIDE ARE YOU ON?,DRONE P,SCAR P,EXPOSED BIONICS,PURPLE MOTORBIKE JACKET,HAIR,NONE,RAYGUN P,YES
22,DYSTOPIAN NANCY #22,THE TECH SINGULARITY IS HERE: TWO HUNDRED 1/1 GENERATIVE DYSTOPIAN NANCY'S - WHICH SIDE ARE YOU ON?,DRONE P,GRILL P,SCANNER SUBDERMAL,PURPLE BOMBER JACKET,HAIR,NONE,RAYGUN P,YES
23,DYSTOPIAN NANCY #23,THE TECH SINGULARITY IS HERE: TWO HUNDRED 1/1 GENERATIVE DYSTOPIAN NANCY'S - WHICH SIDE ARE YOU ON?,CLONE B,HAPPY,SIGNAL SUBDERMAL,BLUE CHARGER SHIRT,NEUROLINK 69000 B,NONE,SIMULATION SCREEN B,YES
24,DYSTOPIAN NANCY #24,THE TECH SINGULARITY IS HERE: TWO HUNDRED 1/1 GENERATIVE DYSTOPIAN NANCY'S - WHICH SIDE ARE YOU ON?,ALL SEEING EYE P,ROBO EYE P,EXPOSED BIONICS,PURPLE TRANSPARENT JACKET,HAIR,NONE,SIMULATION SCREEN P,YES
25,DYSTOPIAN NANCY #25,THE TECH SINGULARITY IS HERE: TWO HUNDRED 1/1 GENERATIVE DYSTOPIAN NANCY'S - WHICH SIDE ARE YOU ON?,CLONE B,GRILL B,SCANNER SUBDERMAL,BLUE YBN SHIRT,LRC BEANIE B,NONE,LASER SWORD B,YES
26,DYSTOPIAN NANCY #26,THE TECH SINGULARITY IS HERE: TWO HUNDRED 1/1 GENERATIVE DYSTOPIAN NANCY'S - WHICH SIDE ARE YOU ON?,DRONE P,GRILL P,EXPOSED BIONICS,NONE,HAIR,NONE,SIMULATION SCREEN P,YES
27,DYSTOPIAN NANCY #27,THE TECH SINGULARITY IS HERE: TWO HUNDRED 1/1 GENERATIVE DYSTOPIAN NANCY'S - WHICH SIDE ARE YOU ON?,BATTLEFIELD B,DRUNK,SCANNER SUBDERMAL,BLUE LASER-PROOF VEST,NEUROLINK 69000 B,HOLO GLASSES B,LIGHT ORB,YES
28,DYSTOPIAN NANCY #28,THE TECH SINGULARITY IS HERE: TWO HUNDRED 1/1 GENERATIVE DYSTOPIAN NANCY'S - WHICH SIDE ARE YOU ON?,BATTLEFIELD P,ROBO EYE P,SIGNAL SUBDERMAL,PURPLE YBN SHIRT,HAIR,NONE,BEHOLDER P,YES
29,DYSTOPIAN NANCY #29,THE TECH SINGULARITY IS HERE: TWO HUNDRED 1/1 GENERATIVE DYSTOPIAN NANCY'S - WHICH SIDE ARE YOU ON?,CLONE P,ANGRY,SIGNAL SUBDERMAL,PURPLE BOMBER JACKET,HAIR,VISOR P,BEHOLDER P,YES
30,DYSTOPIAN NANCY #30,THE TECH SINGULARITY IS HERE: TWO HUNDRED 1/1 GENERATIVE DYSTOPIAN NANCY'S - WHICH SIDE ARE YOU ON?,HOLOGRAM P,ROBOT P,COMPLETE,PURPLE MOTORBIKE JACKET,NEUROLINK 69000 P,HOLO GLASSES P,DATA CUBE P,YES
31,DYSTOPIAN NANCY #31,THE TECH SINGULARITY IS HERE: TWO HUNDRED 1/1 GENERATIVE DYSTOPIAN NANCY'S - WHICH SIDE ARE YOU ON?,ROBOT GENERATOR B,SCAR B,NONE,BLUE LASER-PROOF VEST,NEUROLINK 69000 B,NONE,LIGHT ORB,YES
32,DYSTOPIAN NANCY #32,THE TECH SINGULARITY IS HERE: TWO HUNDRED 1/1 GENERATIVE DYSTOPIAN NANCY'S - WHICH SIDE ARE YOU ON?,ALL SEEING EYE B,GRILL B,SCANNER SUBDERMAL,BLUE MONITOR JACKET,HAIR,NONE,BEHOLDER B,YES
33,DYSTOPIAN NANCY #33,THE TECH SINGULARITY IS HERE: TWO HUNDRED 1/1 GENERATIVE DYSTOPIAN NANCY'S - WHICH SIDE ARE YOU ON?,CLONE P,SCALES P,EXPOSED BIONICS,PURPLE CHARGER SHIRT,HAIR,NONE,LIGHT ORB,YES
34,DYSTOPIAN NANCY #34,THE TECH SINGULARITY IS HERE: TWO HUNDRED 1/1 GENERATIVE DYSTOPIAN NANCY'S - WHICH SIDE ARE YOU ON?,ALL SEEING EYE B,SCAR B,NONE,BLUE TRANSPARENT JACKET,YBN BEANING B,NONE,RAYGUN B,YES
35,DYSTOPIAN NANCY #35,THE TECH SINGULARITY IS HERE: TWO HUNDRED 1/1 GENERATIVE DYSTOPIAN NANCY'S - WHICH SIDE ARE YOU ON?,BATTLEFIELD B,DRUNK,EXPOSED BIONICS,BLUE CHARGER JACKET,YBN BEANING B,NONE,LIGHT ORB,YES
36,DYSTOPIAN NANCY #36,THE TECH SINGULARITY IS HERE: TWO HUNDRED 1/1 GENERATIVE DYSTOPIAN NANCY'S - WHICH SIDE ARE YOU ON?,ALL SEEING EYE B,HAPPY,SIGNAL SUBDERMAL,BLUE CHARGER JACKET,NEUROLINK 69000 B,NONE,SIMULATION SCREEN B,YES
37,DYSTOPIAN NANCY #37,THE TECH SINGULARITY IS HERE: TWO HUNDRED 1/1 GENERATIVE DYSTOPIAN NANCY'S - WHICH SIDE ARE YOU ON?,ALL SEEING EYE P,SCAR P,SIGNAL SUBDERMAL,PURPLE ELASTIC SHIRT,HAIR,NONE,SIMULATION SCREEN P,YES
38,DYSTOPIAN NANCY #38,THE TECH SINGULARITY IS HERE: TWO HUNDRED 1/1 GENERATIVE DYSTOPIAN NANCY'S - WHICH SIDE ARE YOU ON?,LOVELY B,HAPPY,SCANNER SUBDERMAL,BLUE MONITOR JACKET,GLOWING HAIR B,NONE,LASER SWORD B,YES
39,DYSTOPIAN NANCY #39,THE TECH SINGULARITY IS HERE: TWO HUNDRED 1/1 GENERATIVE DYSTOPIAN NANCY'S - WHICH SIDE ARE YOU ON?,LOVELY B,SCAR B,SCANNER SUBDERMAL,BLUE MOTORBIKE JACKET,YBN BEANING B,NONE,SIMULATION SCREEN B,YES
40,DYSTOPIAN NANCY #40,THE TECH SINGULARITY IS HERE: TWO HUNDRED 1/1 GENERATIVE DYSTOPIAN NANCY'S - WHICH SIDE ARE YOU ON?,DRONE B,ANGRY,SIGNAL SUBDERMAL,BLUE YBN SHIRT,HAIR,NONE,LASER SWORD B,YES
41,DYSTOPIAN NANCY #41,THE TECH SINGULARITY IS HERE: TWO HUNDRED 1/1 GENERATIVE DYSTOPIAN NANCY'S - WHICH SIDE ARE YOU ON?,DRONE P,DRUNK,SIGNAL SUBDERMAL,PURPLE ELASTIC SHIRT,HAIR,NONE,BEHOLDER P,YES
42,DYSTOPIAN NANCY #42,THE TECH SINGULARITY IS HERE: TWO HUNDRED 1/1 GENERATIVE DYSTOPIAN NANCY'S - WHICH SIDE ARE YOU ON?,HOLOGRAM B,SCALES B,SCANNER SUBDERMAL,BLUE ELASTIC SHIRT,HAIR,NONE,LASER SWORD B,YES
43,DYSTOPIAN NANCY #43,THE TECH SINGULARITY IS HERE: TWO HUNDRED 1/1 GENERATIVE DYSTOPIAN NANCY'S - WHICH SIDE ARE YOU ON?,CLONE P,SCALES P,SIGNAL SUBDERMAL,PURPLE MONITOR JACKET,HAIR,NONE,BEHOLDER P,YES
44,DYSTOPIAN NANCY #44,THE TECH SINGULARITY IS HERE: TWO HUNDRED 1/1 GENERATIVE DYSTOPIAN NANCY'S - WHICH SIDE ARE YOU ON?,DRONE B,HAPPY,SCANNER SUBDERMAL,BLUE SKYDIVE SHIRT,YBN BEANING B,NONE,RAYGUN B,YES
45,DYSTOPIAN NANCY #45,THE TECH SINGULARITY IS HERE: TWO HUNDRED 1/1 GENERATIVE DYSTOPIAN NANCY'S - WHICH SIDE ARE YOU ON?,HOLOGRAM B,ANGRY,NONE,BLUE SKYDIVE SHIRT,HAIR,NONE,RAYGUN B,YES
46,DYSTOPIAN NANCY #46,THE TECH SINGULARITY IS HERE: TWO HUNDRED 1/1 GENERATIVE DYSTOPIAN NANCY'S - WHICH SIDE ARE YOU ON?,ROBOT GENERATOR B,ROBO EYE B,SIGNAL SUBDERMAL,BLUE ELASTIC SHIRT,HAIR,NONE,LIGHT ORB,YES
47,DYSTOPIAN NANCY #47,THE TECH SINGULARITY IS HERE: TWO HUNDRED 1/1 GENERATIVE DYSTOPIAN NANCY'S - WHICH SIDE ARE YOU ON?,ALL SEEING EYE B,HAPPY,SIGNAL SUBDERMAL,BLUE TRANSPARENT JACKET,HAIR,NONE,LIGHT ORB,YES
48,DYSTOPIAN NANCY #48,THE TECH SINGULARITY IS HERE: TWO HUNDRED 1/1 GENERATIVE DYSTOPIAN NANCY'S - WHICH SIDE ARE YOU ON?,HOLOGRAM B,ANGRY,EXPOSED BIONICS,BLUE BOMBER JACKET,HAIR,HOLO GLASSES B,LASER SWORD B,YES
49,DYSTOPIAN NANCY #49,THE TECH SINGULARITY IS HERE: TWO HUNDRED 1/1 GENERATIVE DYSTOPIAN NANCY'S - WHICH SIDE ARE YOU ON?,LOVELY P,GRILL P,EXPOSED BIONICS,PURPLE SKYDIVE SHIRT,YBN BEANING P,NONE,LASER SWORD P,YES
50,DYSTOPIAN NANCY #50,THE TECH SINGULARITY IS HERE: TWO HUNDRED 1/1 GENERATIVE DYSTOPIAN NANCY'S - WHICH SIDE ARE YOU ON?,DRONE B,GRILL B,EXPOSED BIONICS,BLUE YBN SHIRT,HAIR,VISOR B,BEHOLDER B,yes
51,DYSTOPIAN NANCY #51,THE TECH SINGULARITY IS HERE: TWO HUNDRED 1/1 GENERATIVE DYSTOPIAN NANCY'S - WHICH SIDE ARE YOU ON?,HOLOGRAM B,ROBOT B,COMPLETE,BLUE CHARGER JACKET,GLOWING HAIR B,NONE,ROBOT B HAND,YES
52,DYSTOPIAN NANCY #52,THE TECH SINGULARITY IS HERE: TWO HUNDRED 1/1 GENERATIVE DYSTOPIAN NANCY'S - WHICH SIDE ARE YOU ON?,ROBOT GENERATOR B,HAPPY,EXPOSED BIONICS,BLUE SKYDIVE SHIRT,HAIR,NONE,LASER SWORD B,YES
53,DYSTOPIAN NANCY #53,THE TECH SINGULARITY IS HERE: TWO HUNDRED 1/1 GENERATIVE DYSTOPIAN NANCY'S - WHICH SIDE ARE YOU ON?,ALL SEEING EYE B,DRUNK,SIGNAL SUBDERMAL,BLUE TRANSPARENT JACKET,GLOWING HAIR B,NONE,SIMULATION SCREEN B,YES
54,DYSTOPIAN NANCY #54,THE TECH SINGULARITY IS HERE: TWO HUNDRED 1/1 GENERATIVE DYSTOPIAN NANCY'S - WHICH SIDE ARE YOU ON?,ROBOT GENERATOR P,DRUNK,NONE,BLACK BOMBER JACKET,HAIR,NONE,RAYGUN P,YES
55,DYSTOPIAN NANCY #55,THE TECH SINGULARITY IS HERE: TWO HUNDRED 1/1 GENERATIVE DYSTOPIAN NANCY'S - WHICH SIDE ARE YOU ON?,HOLOGRAM B,DRUNK,EXPOSED BIONICS,BLUE SKYDIVE SHIRT,YBN BEANING B,VISOR B,SIMULATION SCREEN B,YES
56,DYSTOPIAN NANCY #56,THE TECH SINGULARITY IS HERE: TWO HUNDRED 1/1 GENERATIVE DYSTOPIAN NANCY'S - WHICH SIDE ARE YOU ON?,HOLOGRAM B,GRILL B,EXPOSED BIONICS,BLUE BOMBER JACKET,NEUROLINK 69000 B,NONE,SIMULATION SCREEN B,YES
57,DYSTOPIAN NANCY #57,THE TECH SINGULARITY IS HERE: TWO HUNDRED 1/1 GENERATIVE DYSTOPIAN NANCY'S - WHICH SIDE ARE YOU ON?,DRONE B,ROBOT B,COMPLETE,BLUE ELASTIC SHIRT,NEUROLINK 69000 B,HOLO GLASSES B,ROBOT B HAND,YES
58,DYSTOPIAN NANCY #58,THE TECH SINGULARITY IS HERE: TWO HUNDRED 1/1 GENERATIVE DYSTOPIAN NANCY'S - WHICH SIDE ARE YOU ON?,ROBOT GENERATOR B,SCALES B,SCANNER SUBDERMAL,BLUE CHARGER JACKET,HAIR,NONE,LASER SWORD B,YES
59,DYSTOPIAN NANCY #59,THE TECH SINGULARITY IS HERE: TWO HUNDRED 1/1 GENERATIVE DYSTOPIAN NANCY'S - WHICH SIDE ARE YOU ON?,DRONE P,HAPPY,SIGNAL SUBDERMAL,PURPLE ELASTIC SHIRT,HAIR,NONE,RAYGUN P,YES
60,DYSTOPIAN NANCY #60,THE TECH SINGULARITY IS HERE: TWO HUNDRED 1/1 GENERATIVE DYSTOPIAN NANCY'S - WHICH SIDE ARE YOU ON?,ALL SEEING EYE B,SCAR B,EXPOSED BIONICS,BLUE CHARGER JACKET,LRC BEANIE B,VISOR B,LIGHT ORB,YES
61,DYSTOPIAN NANCY #61,THE TECH SINGULARITY IS HERE: TWO HUNDRED 1/1 GENERATIVE DYSTOPIAN NANCY'S - WHICH SIDE ARE YOU ON?,LOVELY B,SCALES B,NONE,BLUE TRANSPARENT JACKET,YBN BEANING B,NONE,LIGHT ORB,YES
62,DYSTOPIAN NANCY #62,THE TECH SINGULARITY IS HERE: TWO HUNDRED 1/1 GENERATIVE DYSTOPIAN NANCY'S - WHICH SIDE ARE YOU ON?,ALL SEEING EYE B,HAPPY,EXPOSED BIONICS,BLUE MONITOR JACKET,HAIR,NONE,RAYGUN B,YES
63,DYSTOPIAN NANCY #63,THE TECH SINGULARITY IS HERE: TWO HUNDRED 1/1 GENERATIVE DYSTOPIAN NANCY'S - WHICH SIDE ARE YOU ON?,ALL SEEING EYE P,ANGRY,SCANNER SUBDERMAL,PURPLE TRANSPARENT JACKET,GLOWING HAIR P,NONE,LIGHT ORB,YES
64,DYSTOPIAN NANCY #64,THE TECH SINGULARITY IS HERE: TWO HUNDRED 1/1 GENERATIVE DYSTOPIAN NANCY'S - WHICH SIDE ARE YOU ON?,DRONE P,ANGRY,EXPOSED BIONICS,PURPLE ELASTIC SHIRT,HAIR,NONE,RAYGUN P,YES
65,DYSTOPIAN NANCY #65,THE TECH SINGULARITY IS HERE: TWO HUNDRED 1/1 GENERATIVE DYSTOPIAN NANCY'S - WHICH SIDE ARE YOU ON?,CLONE B,SCALES B,SCANNER SUBDERMAL,BLUE TRANSPARENT JACKET,YBN BEANING B,NONE,LASER SWORD B,YES
66,DYSTOPIAN NANCY #66,THE TECH SINGULARITY IS HERE: TWO HUNDRED 1/1 GENERATIVE DYSTOPIAN NANCY'S - WHICH SIDE ARE YOU ON?,LOVELY P,DRUNK,SCANNER SUBDERMAL,PURPLE SKYDIVE SHIRT,HAIR,NONE,RAYGUN P,YES
67,DYSTOPIAN NANCY #67,THE TECH SINGULARITY IS HERE: TWO HUNDRED 1/1 GENERATIVE DYSTOPIAN NANCY'S - WHICH SIDE ARE YOU ON?,HOLOGRAM B,SCAR B,EXPOSED BIONICS,BLUE YBN SHIRT,HAIR,NONE,SIMULATION SCREEN B,YES
68,DYSTOPIAN NANCY #68,THE TECH SINGULARITY IS HERE: TWO HUNDRED 1/1 GENERATIVE DYSTOPIAN NANCY'S - WHICH SIDE ARE YOU ON?,HOLOGRAM P,ROBO EYE P,NONE,PURPLE CHARGER JACKET,LRC BEANIE P,NONE,RAYGUN P,YES
69,DYSTOPIAN NANCY #69,THE TECH SINGULARITY IS HERE: TWO HUNDRED 1/1 GENERATIVE DYSTOPIAN NANCY'S - WHICH SIDE ARE YOU ON?,CLONE P,DRUNK,EXPOSED BIONICS,PURPLE CHARGER JACKET,YBN BEANING P,NONE,RAYGUN P,YES
70,DYSTOPIAN NANCY #70,THE TECH SINGULARITY IS HERE: TWO HUNDRED 1/1 GENERATIVE DYSTOPIAN NANCY'S - WHICH SIDE ARE YOU ON?,HOLOGRAM B,ANGRY,EXPOSED BIONICS,BLUE CHARGER SHIRT,GLOWING HAIR B,HOLO GLASSES B,BEHOLDER B,YES
71,DYSTOPIAN NANCY #71,THE TECH SINGULARITY IS HERE: TWO HUNDRED 1/1 GENERATIVE DYSTOPIAN NANCY'S - WHICH SIDE ARE YOU ON?,ROBOT GENERATOR P,DRUNK,SIGNAL SUBDERMAL,P MOTORBIKE JACKET,HAIR,NONE,SIMULATION SCREEN P,
72,DYSTOPIAN NANCY #72,THE TECH SINGULARITY IS HERE: TWO HUNDRED 1/1 GENERATIVE DYSTOPIAN NANCY'S - WHICH SIDE ARE YOU ON?,ROBOT GENERATOR P,HAPPY,EXPOSED BIONICS,P YBN SHIRT,LRC BEANIE P,NONE,RAYGUN P,
73,DYSTOPIAN NANCY #73,THE TECH SINGULARITY IS HERE: TWO HUNDRED 1/1 GENERATIVE DYSTOPIAN NANCY'S - WHICH SIDE ARE YOU ON?,CLONE B,HAPPY,SIGNAL SUBDERMAL,B ELASTIC SHIRT,NEUROLINK 69000 B,NONE,RAYGUN B,
74,DYSTOPIAN NANCY #74,THE TECH SINGULARITY IS HERE: TWO HUNDRED 1/1 GENERATIVE DYSTOPIAN NANCY'S - WHICH SIDE ARE YOU ON?,HOLOGRAM P,HAPPY,EXPOSED BIONICS,P LASER-PROOF VEST,HAIR,NONE,SIMULATION SCREEN P,
75,DYSTOPIAN NANCY #75,THE TECH SINGULARITY IS HERE: TWO HUNDRED 1/1 GENERATIVE DYSTOPIAN NANCY'S - WHICH SIDE ARE YOU ON?,CLONE P,DRUNK,SIGNAL SUBDERMAL,P MONITOR JACKET,HAIR,NONE,LASER SWORD P,
76,DYSTOPIAN NANCY #76,THE TECH SINGULARITY IS HERE: TWO HUNDRED 1/1 GENERATIVE DYSTOPIAN NANCY'S - WHICH SIDE ARE YOU ON?,CLONE B,HAPPY,SCANNER SUBDERMAL,B SKYDIVE SHIRT,LRC BEANIE B,HOLO GLASSES B,LIGHT ORB,
77,DYSTOPIAN NANCY #77,THE TECH SINGULARITY IS HERE: TWO HUNDRED 1/1 GENERATIVE DYSTOPIAN NANCY'S - WHICH SIDE ARE YOU ON?,LOVELY B,DRUNK,SIGNAL SUBDERMAL,B MONITOR JACKET,HAIR,NONE,BEHOLDER B,
78,DYSTOPIAN NANCY #78,THE TECH SINGULARITY IS HERE: TWO HUNDRED 1/1 GENERATIVE DYSTOPIAN NANCY'S - WHICH SIDE ARE YOU ON?,DRONE B,ANGRY,NONE,B SKYDIVE SHIRT,HAIR,VISOR B,RAYGUN B,
79,DYSTOPIAN NANCY #79,THE TECH SINGULARITY IS HERE: TWO HUNDRED 1/1 GENERATIVE DYSTOPIAN NANCY'S - WHICH SIDE ARE YOU ON?,DRONE P,SCALES P,EXPOSED BIONICS,P YBN SHIRT,HAIR,NONE,SIMULATION SCREEN P,
80,DYSTOPIAN NANCY #80,THE TECH SINGULARITY IS HERE: TWO HUNDRED 1/1 GENERATIVE DYSTOPIAN NANCY'S - WHICH SIDE ARE YOU ON?,HOLOGRAM B,ANGRY,SIGNAL SUBDERMAL,B TRANSPARENT JACKET,NEUROLINK 69000 B,NONE,BEHOLDER B,
81,DYSTOPIAN NANCY #81,THE TECH SINGULARITY IS HERE: TWO HUNDRED 1/1 GENERATIVE DYSTOPIAN NANCY'S - WHICH SIDE ARE YOU ON?,DRONE P,ROBO EYE P,SIGNAL SUBDERMAL,P CHARGER JACKET,HAIR,NONE,BEHOLDER P,
82,DYSTOPIAN NANCY #82,THE TECH SINGULARITY IS HERE: TWO HUNDRED 1/1 GENERATIVE DYSTOPIAN NANCY'S - WHICH SIDE ARE YOU ON?,CLONE P,SCAR P,SCANNER SUBDERMAL,P SKYDIVE SHIRT,HAIR,VISOR P,RAYGUN P,
83,DYSTOPIAN NANCY #83,THE TECH SINGULARITY IS HERE: TWO HUNDRED 1/1 GENERATIVE DYSTOPIAN NANCY'S - WHICH SIDE ARE YOU ON?,CLONE B,ANGRY,SIGNAL SUBDERMAL,B LASER-PROOF VEST,NEUROLINK 69000 B,NONE,LIGHT ORB,
84,DYSTOPIAN NANCY #84,THE TECH SINGULARITY IS HERE: TWO HUNDRED 1/1 GENERATIVE DYSTOPIAN NANCY'S - WHICH SIDE ARE YOU ON?,ALL SEEING EYE P,ROBO EYE P,EXPOSED BIONICS,BLACK BOMBER JACKET,HAIR,NONE,LASER SWORD P,
85,DYSTOPIAN NANCY #85,THE TECH SINGULARITY IS HERE: TWO HUNDRED 1/1 GENERATIVE DYSTOPIAN NANCY'S - WHICH SIDE ARE YOU ON?,ROBOT GENERATOR P,ANGRY,EXPOSED BIONICS,NONE,NEUROLINK 69000 P,NONE,LIGHT ORB,
86,DYSTOPIAN NANCY #86,THE TECH SINGULARITY IS HERE: TWO HUNDRED 1/1 GENERATIVE DYSTOPIAN NANCY'S - WHICH SIDE ARE YOU ON?,BATTLEFIELD P,ROBOT P,COMPLETE,P CHARGER SHIRT,GLOWING HAIR P,NONE,DATA CUBE P,
87,DYSTOPIAN NANCY #87,THE TECH SINGULARITY IS HERE: TWO HUNDRED 1/1 GENERATIVE DYSTOPIAN NANCY'S - WHICH SIDE ARE YOU ON?,BATTLEFIELD P,DRUNK,SCANNER SUBDERMAL,P MONITOR JACKET,NEUROLINK 69000 P,NONE,LIGHT ORB,
88,DYSTOPIAN NANCY #88,THE TECH SINGULARITY IS HERE: TWO HUNDRED 1/1 GENERATIVE DYSTOPIAN NANCY'S - WHICH SIDE ARE YOU ON?,DRONE B,GRILL B,SIGNAL SUBDERMAL,B LASER-PROOF VEST,HAIR,VISOR B,RAYGUN B,
89,DYSTOPIAN NANCY #89,THE TECH SINGULARITY IS HERE: TWO HUNDRED 1/1 GENERATIVE DYSTOPIAN NANCY'S - WHICH SIDE ARE YOU ON?,ALL SEEING EYE P,DRUNK,SCANNER SUBDERMAL,NONE,YBN BEANING P,NONE,LIGHT ORB,
90,DYSTOPIAN NANCY #90,THE TECH SINGULARITY IS HERE: TWO HUNDRED 1/1 GENERATIVE DYSTOPIAN NANCY'S - WHICH SIDE ARE YOU ON?,LOVELY P,HAPPY,EXPOSED BIONICS,P YBN SHIRT,YBN BEANING P,HOLO GLASSES P,BEHOLDER P,
91,DYSTOPIAN NANCY #91,THE TECH SINGULARITY IS HERE: TWO HUNDRED 1/1 GENERATIVE DYSTOPIAN NANCY'S - WHICH SIDE ARE YOU ON?,DRONE P,GRILL P,EXPOSED BIONICS,NONE,HAIR,NONE,RAYGUN P,
92,DYSTOPIAN NANCY #92,THE TECH SINGULARITY IS HERE: TWO HUNDRED 1/1 GENERATIVE DYSTOPIAN NANCY'S - WHICH SIDE ARE YOU ON?,DRONE B,DRUNK,SIGNAL SUBDERMAL,B TRANSPARENT JACKET,LRC BEANIE B,NONE,RAYGUN B,
93,DYSTOPIAN NANCY #93,THE TECH SINGULARITY IS HERE: TWO HUNDRED 1/1 GENERATIVE DYSTOPIAN NANCY'S - WHICH SIDE ARE YOU ON?,DRONE B,HAPPY,SCANNER SUBDERMAL,B YBN SHIRT,HAIR,NONE,SIMULATION SCREEN B,
94,DYSTOPIAN NANCY #94,THE TECH SINGULARITY IS HERE: TWO HUNDRED 1/1 GENERATIVE DYSTOPIAN NANCY'S - WHICH SIDE ARE YOU ON?,LOVELY B,ROBO EYE B,SIGNAL SUBDERMAL,B YBN SHIRT,NEUROLINK 69000 B,NONE,SIMULATION SCREEN B,
95,DYSTOPIAN NANCY #95,THE TECH SINGULARITY IS HERE: TWO HUNDRED 1/1 GENERATIVE DYSTOPIAN NANCY'S - WHICH SIDE ARE YOU ON?,DRONE P,DRUNK,EXPOSED BIONICS,P BOMBER JACKET,HAIR,NONE,BEHOLDER P,
96,DYSTOPIAN NANCY #96,THE TECH SINGULARITY IS HERE: TWO HUNDRED 1/1 GENERATIVE DYSTOPIAN NANCY'S - WHICH SIDE ARE YOU ON?,BATTLEFIELD B,ROBO EYE B,SCANNER SUBDERMAL,B LASER-PROOF VEST,HAIR,NONE,RAYGUN B,
97,DYSTOPIAN NANCY #97,THE TECH SINGULARITY IS HERE: TWO HUNDRED 1/1 GENERATIVE DYSTOPIAN NANCY'S - WHICH SIDE ARE YOU ON?,DRONE P,DRUNK,SIGNAL SUBDERMAL,P MONITOR JACKET,HAIR,NONE,LIGHT ORB,
98,DYSTOPIAN NANCY #98,THE TECH SINGULARITY IS HERE: TWO HUNDRED 1/1 GENERATIVE DYSTOPIAN NANCY'S - WHICH SIDE ARE YOU ON?,DRONE P,SCALES P,SCANNER SUBDERMAL,P MONITOR JACKET,LRC BEANIE P,HOLO GLASSES P,BEHOLDER P,
99,DYSTOPIAN NANCY #99,THE TECH SINGULARITY IS HERE: TWO HUNDRED 1/1 GENERATIVE DYSTOPIAN NANCY'S - WHICH SIDE ARE YOU ON?,LOVELY B,ROBOT B,COMPLETE,B MOTORBIKE JACKET,NEUROLINK 69000 B,NONE,ROBOT B HAND,
100,DYSTOPIAN NANCY #100,THE TECH SINGULARITY IS HERE: TWO HUNDRED 1/1 GENERATIVE DYSTOPIAN NANCY'S - WHICH SIDE ARE YOU ON?,ROBOT GENERATOR B,HAPPY,SCANNER SUBDERMAL,B MONITOR JACKET,YBN BEANING B,VISOR B,LASER SWORD B,
101,DYSTOPIAN NANCY #101,THE TECH SINGULARITY IS HERE: TWO HUNDRED 1/1 GENERATIVE DYSTOPIAN NANCY'S - WHICH SIDE ARE YOU ON?,BATTLEFIELD B,SCAR B,SCANNER SUBDERMAL,B CHARGER JACKET,HAIR,NONE,LASER SWORD B,
102,DYSTOPIAN NANCY #102,THE TECH SINGULARITY IS HERE: TWO HUNDRED 1/1 GENERATIVE DYSTOPIAN NANCY'S - WHICH SIDE ARE YOU ON?,BATTLEFIELD P,GRILL P,NONE,P LASER-PROOF VEST,YBN BEANING P,NONE,LIGHT ORB,
103,DYSTOPIAN NANCY #103,THE TECH SINGULARITY IS HERE: TWO HUNDRED 1/1 GENERATIVE DYSTOPIAN NANCY'S - WHICH SIDE ARE YOU ON?,ROBOT GENERATOR B,HAPPY,EXPOSED BIONICS,B ELASTIC SHIRT,NEUROLINK 69000 B,NONE,SIMULATION SCREEN B,
104,DYSTOPIAN NANCY #104,THE TECH SINGULARITY IS HERE: TWO HUNDRED 1/1 GENERATIVE DYSTOPIAN NANCY'S - WHICH SIDE ARE YOU ON?,ALL SEEING EYE B,ANGRY,SIGNAL SUBDERMAL,B SKYDIVE SHIRT,YBN BEANING B,HOLO GLASSES B,LIGHT ORB,
105,DYSTOPIAN NANCY #105,THE TECH SINGULARITY IS HERE: TWO HUNDRED 1/1 GENERATIVE DYSTOPIAN NANCY'S - WHICH SIDE ARE YOU ON?,CLONE P,SCALES P,EXPOSED BIONICS,P TRANSPARENT JACKET,YBN BEANING P,VISOR P,LASER SWORD P,
106,DYSTOPIAN NANCY #106,THE TECH SINGULARITY IS HERE: TWO HUNDRED 1/1 GENERATIVE DYSTOPIAN NANCY'S - WHICH SIDE ARE YOU ON?,CLONE P,DRUNK,EXPOSED BIONICS,BLACK BOMBER JACKET,YBN BEANING P,NONE,LASER SWORD P,
107,DYSTOPIAN NANCY #107,THE TECH SINGULARITY IS HERE: TWO HUNDRED 1/1 GENERATIVE DYSTOPIAN NANCY'S - WHICH SIDE ARE YOU ON?,CLONE B,DRUNK,SCANNER SUBDERMAL,B YBN SHIRT,GLOWING HAIR B,NONE,LIGHT ORB,
108,DYSTOPIAN NANCY #108,THE TECH SINGULARITY IS HERE: TWO HUNDRED 1/1 GENERATIVE DYSTOPIAN NANCY'S - WHICH SIDE ARE YOU ON?,DRONE B,SCAR B,SCANNER SUBDERMAL,B CHARGER SHIRT,YBN BEANING B,HOLO GLASSES B,BEHOLDER B,
109,DYSTOPIAN NANCY #109,THE TECH SINGULARITY IS HERE: TWO HUNDRED 1/1 GENERATIVE DYSTOPIAN NANCY'S - WHICH SIDE ARE YOU ON?,HOLOGRAM B,HAPPY,SIGNAL SUBDERMAL,B MONITOR JACKET,HAIR,NONE,SIMULATION SCREEN B,
110,DYSTOPIAN NANCY #110,THE TECH SINGULARITY IS HERE: TWO HUNDRED 1/1 GENERATIVE DYSTOPIAN NANCY'S - WHICH SIDE ARE YOU ON?,CLONE B,ROBOT B,COMPLETE,B MOTORBIKE JACKET,GLOWING HAIR B,NONE,ROBOT B HAND,
111,DYSTOPIAN NANCY #111,THE TECH SINGULARITY IS HERE: TWO HUNDRED 1/1 GENERATIVE DYSTOPIAN NANCY'S - WHICH SIDE ARE YOU ON?,ALL SEEING EYE B,SCALES B,SCANNER SUBDERMAL,BLACK BOMBER JACKET,YBN BEANING B,VISOR B,LIGHT ORB,
112,DYSTOPIAN NANCY #112,THE TECH SINGULARITY IS HERE: TWO HUNDRED 1/1 GENERATIVE DYSTOPIAN NANCY'S - WHICH SIDE ARE YOU ON?,HOLOGRAM B,ANGRY,SCANNER SUBDERMAL,BLACK BOMBER JACKET,HAIR,VISOR B,LASER SWORD B,
113,DYSTOPIAN NANCY #113,THE TECH SINGULARITY IS HERE: TWO HUNDRED 1/1 GENERATIVE DYSTOPIAN NANCY'S - WHICH SIDE ARE YOU ON?,LOVELY P,SCAR P,EXPOSED BIONICS,PURPLE ELASTIC SHIRT,HAIR,NONE,LASER SWORD P,
114,DYSTOPIAN NANCY #114,THE TECH SINGULARITY IS HERE: TWO HUNDRED 1/1 GENERATIVE DYSTOPIAN NANCY'S - WHICH SIDE ARE YOU ON?,LOVELY B,DRUNK,SIGNAL SUBDERMAL,BLUE LASER-PROOF VEST,HAIR,NONE,LIGHT ORB,
115,DYSTOPIAN NANCY #115,THE TECH SINGULARITY IS HERE: TWO HUNDRED 1/1 GENERATIVE DYSTOPIAN NANCY'S - WHICH SIDE ARE YOU ON?,ALL SEEING EYE B,HAPPY,SCANNER SUBDERMAL,BLUE LASER-PROOF VEST,HAIR,NONE,LASER SWORD B,
116,DYSTOPIAN NANCY #116,THE TECH SINGULARITY IS HERE: TWO HUNDRED 1/1 GENERATIVE DYSTOPIAN NANCY'S - WHICH SIDE ARE YOU ON?,BATTLEFIELD P,ANGRY,NONE,PURPLE LASER-PROOF VEST,YBN BEANING P,NONE,RAYGUN P,
117,DYSTOPIAN NANCY #117,THE TECH SINGULARITY IS HERE: TWO HUNDRED 1/1 GENERATIVE DYSTOPIAN NANCY'S - WHICH SIDE ARE YOU ON?,HOLOGRAM B,ROBO EYE B,EXPOSED BIONICS,BLUE YBN SHIRT,LRC BEANIE B,NONE,LASER SWORD B,
118,DYSTOPIAN NANCY #118,THE TECH SINGULARITY IS HERE: TWO HUNDRED 1/1 GENERATIVE DYSTOPIAN NANCY'S - WHICH SIDE ARE YOU ON?,DRONE P,DRUNK,SIGNAL SUBDERMAL,PURPLE CHARGER JACKET,NEUROLINK 69000 P,NONE,SIMULATION SCREEN P,
119,DYSTOPIAN NANCY #119,THE TECH SINGULARITY IS HERE: TWO HUNDRED 1/1 GENERATIVE DYSTOPIAN NANCY'S - WHICH SIDE ARE YOU ON?,LOVELY P,DRUNK,SCANNER SUBDERMAL,PURPLE ELASTIC SHIRT,HAIR,NONE,LIGHT ORB,
120,DYSTOPIAN NANCY #120,THE TECH SINGULARITY IS HERE: TWO HUNDRED 1/1 GENERATIVE DYSTOPIAN NANCY'S - WHICH SIDE ARE YOU ON?,ALL SEEING EYE B,DRUNK,SCANNER SUBDERMAL,BLUE BOMBER JACKET,NEUROLINK 69000 B,NONE,LASER SWORD B,
121,DYSTOPIAN NANCY #121,THE TECH SINGULARITY IS HERE: TWO HUNDRED 1/1 GENERATIVE DYSTOPIAN NANCY'S - WHICH SIDE ARE YOU ON?,ALL SEEING EYE P,HAPPY,EXPOSED BIONICS,PURPLE BOMBER JACKET,GLOWING HAIR P,VISOR P,LIGHT ORB,
122,DYSTOPIAN NANCY #122,THE TECH SINGULARITY IS HERE: TWO HUNDRED 1/1 GENERATIVE DYSTOPIAN NANCY'S - WHICH SIDE ARE YOU ON?,ALL SEEING EYE P,DRUNK,SIGNAL SUBDERMAL,PURPLE YBN SHIRT,YBN BEANING P,HOLO GLASSES P,BEHOLDER P,
123,DYSTOPIAN NANCY #123,THE TECH SINGULARITY IS HERE: TWO HUNDRED 1/1 GENERATIVE DYSTOPIAN NANCY'S - WHICH SIDE ARE YOU ON?,CLONE P,SCAR P,SIGNAL SUBDERMAL,PURPLE YBN SHIRT,YBN BEANING P,VISOR P,LASER SWORD P,
124,DYSTOPIAN NANCY #124,THE TECH SINGULARITY IS HERE: TWO HUNDRED 1/1 GENERATIVE DYSTOPIAN NANCY'S - WHICH SIDE ARE YOU ON?,ROBOT GENERATOR P,SCALES P,SCANNER SUBDERMAL,PURPLE LASER-PROOF VEST,LRC BEANIE P,NONE,LIGHT ORB,
125,DYSTOPIAN NANCY #125,THE TECH SINGULARITY IS HERE: TWO HUNDRED 1/1 GENERATIVE DYSTOPIAN NANCY'S - WHICH SIDE ARE YOU ON?,BATTLEFIELD P,SCALES P,EXPOSED BIONICS,PURPLE SKYDIVE SHIRT,NEUROLINK 69000 P,HOLO GLASSES P,BEHOLDER P,
126,DYSTOPIAN NANCY #126,THE TECH SINGULARITY IS HERE: TWO HUNDRED 1/1 GENERATIVE DYSTOPIAN NANCY'S - WHICH SIDE ARE YOU ON?,CLONE P,ROBO EYE P,SIGNAL SUBDERMAL,NONE,HAIR,NONE,SIMULATION SCREEN P,
127,DYSTOPIAN NANCY #127,THE TECH SINGULARITY IS HERE: TWO HUNDRED 1/1 GENERATIVE DYSTOPIAN NANCY'S - WHICH SIDE ARE YOU ON?,HOLOGRAM P,DRUNK,SIGNAL SUBDERMAL,PURPLE YBN SHIRT,HAIR,NONE,LASER SWORD P,
128,DYSTOPIAN NANCY #128,THE TECH SINGULARITY IS HERE: TWO HUNDRED 1/1 GENERATIVE DYSTOPIAN NANCY'S - WHICH SIDE ARE YOU ON?,HOLOGRAM P,ROBO EYE P,SCANNER SUBDERMAL,PURPLE SKYDIVE SHIRT,HAIR,NONE,LASER SWORD P,
129,DYSTOPIAN NANCY #129,THE TECH SINGULARITY IS HERE: TWO HUNDRED 1/1 GENERATIVE DYSTOPIAN NANCY'S - WHICH SIDE ARE YOU ON?,BATTLEFIELD B,SCAR B,SCANNER SUBDERMAL,BLUE YBN SHIRT,YBN BEANING B,NONE,RAYGUN B,
130,DYSTOPIAN NANCY #130,THE TECH SINGULARITY IS HERE: TWO HUNDRED 1/1 GENERATIVE DYSTOPIAN NANCY'S - WHICH SIDE ARE YOU ON?,CLONE B,SCALES B,SCANNER SUBDERMAL,BLUE LASER-PROOF VEST,HAIR,VISOR B,BEHOLDER B,
131,DYSTOPIAN NANCY #131,THE TECH SINGULARITY IS HERE: TWO HUNDRED 1/1 GENERATIVE DYSTOPIAN NANCY'S - WHICH SIDE ARE YOU ON?,HOLOGRAM P,SCAR P,EXPOSED BIONICS,PURPLE CHARGER JACKET,HAIR,HOLO GLASSES P,LIGHT ORB,
132,DYSTOPIAN NANCY #132,THE TECH SINGULARITY IS HERE: TWO HUNDRED 1/1 GENERATIVE DYSTOPIAN NANCY'S - WHICH SIDE ARE YOU ON?,ROBOT GENERATOR P,SCAR P,SIGNAL SUBDERMAL,PURPLE MOTORBIKE JACKET,YBN BEANING P,NONE,SIMULATION SCREEN P,
133,DYSTOPIAN NANCY #133,THE TECH SINGULARITY IS HERE: TWO HUNDRED 1/1 GENERATIVE DYSTOPIAN NANCY'S - WHICH SIDE ARE YOU ON?,ALL SEEING EYE P,ANGRY,SIGNAL SUBDERMAL,PURPLE TRANSPARENT JACKET,HAIR,VISOR P,LASER SWORD P,
134,DYSTOPIAN NANCY #134,THE TECH SINGULARITY IS HERE: TWO HUNDRED 1/1 GENERATIVE DYSTOPIAN NANCY'S - WHICH SIDE ARE YOU ON?,HOLOGRAM P,SCALES P,SCANNER SUBDERMAL,PURPLE YBN SHIRT,HAIR,NONE,RAYGUN P,
135,DYSTOPIAN NANCY #135,THE TECH SINGULARITY IS HERE: TWO HUNDRED 1/1 GENERATIVE DYSTOPIAN NANCY'S - WHICH SIDE ARE YOU ON?,DRONE B,SCALES B,EXPOSED BIONICS,BLUE YBN SHIRT,HAIR,NONE,RAYGUN B,
136,DYSTOPIAN NANCY #136,THE TECH SINGULARITY IS HERE: TWO HUNDRED 1/1 GENERATIVE DYSTOPIAN NANCY'S - WHICH SIDE ARE YOU ON?,CLONE P,SCAR P,SCANNER SUBDERMAL,PURPLE SKYDIVE SHIRT,HAIR,NONE,BEHOLDER P,
137,DYSTOPIAN NANCY #137,THE TECH SINGULARITY IS HERE: TWO HUNDRED 1/1 GENERATIVE DYSTOPIAN NANCY'S - WHICH SIDE ARE YOU ON?,BATTLEFIELD B,ROBO EYE B,SCANNER SUBDERMAL,BLUE MOTORBIKE JACKET,YBN BEANING B,NONE,SIMULATION SCREEN B,
138,DYSTOPIAN NANCY #138,THE TECH SINGULARITY IS HERE: TWO HUNDRED 1/1 GENERATIVE DYSTOPIAN NANCY'S - WHICH SIDE ARE YOU ON?,ALL SEEING EYE P,GRILL P,SCANNER SUBDERMAL,PURPLE YBN SHIRT,YBN BEANING P,NONE,BEHOLDER P,
139,DYSTOPIAN NANCY #139,THE TECH SINGULARITY IS HERE: TWO HUNDRED 1/1 GENERATIVE DYSTOPIAN NANCY'S - WHICH SIDE ARE YOU ON?,ROBOT GENERATOR B,ANGRY,SCANNER SUBDERMAL,BLUE CHARGER JACKET,HAIR,NONE,BEHOLDER B,
140,DYSTOPIAN NANCY #140,THE TECH SINGULARITY IS HERE: TWO HUNDRED 1/1 GENERATIVE DYSTOPIAN NANCY'S - WHICH SIDE ARE YOU ON?,BATTLEFIELD P,ROBO EYE P,SIGNAL SUBDERMAL,BLACK BOMBER JACKET,HAIR,NONE,LASER SWORD P,
141,DYSTOPIAN NANCY #141,THE TECH SINGULARITY IS HERE: TWO HUNDRED 1/1 GENERATIVE DYSTOPIAN NANCY'S - WHICH SIDE ARE YOU ON?,CLONE B,GRILL B,SIGNAL SUBDERMAL,BLUE SKYDIVE SHIRT,HAIR,NONE,LASER SWORD B,
142,DYSTOPIAN NANCY #142,THE TECH SINGULARITY IS HERE: TWO HUNDRED 1/1 GENERATIVE DYSTOPIAN NANCY'S - WHICH SIDE ARE YOU ON?,LOVELY P,GRILL P,EXPOSED BIONICS,PURPLE MOTORBIKE JACKET,HAIR,NONE,LASER SWORD P,
143,DYSTOPIAN NANCY #143,THE TECH SINGULARITY IS HERE: TWO HUNDRED 1/1 GENERATIVE DYSTOPIAN NANCY'S - WHICH SIDE ARE YOU ON?,DRONE B,DRUNK,EXPOSED BIONICS,NONE,HAIR,VISOR B,RAYGUN B,
144,DYSTOPIAN NANCY #144,THE TECH SINGULARITY IS HERE: TWO HUNDRED 1/1 GENERATIVE DYSTOPIAN NANCY'S - WHICH SIDE ARE YOU ON?,LOVELY B,SCALES B,EXPOSED BIONICS,BLUE SKYDIVE SHIRT,HAIR,NONE,SIMULATION SCREEN B,
145,DYSTOPIAN NANCY #145,THE TECH SINGULARITY IS HERE: TWO HUNDRED 1/1 GENERATIVE DYSTOPIAN NANCY'S - WHICH SIDE ARE YOU ON?,DRONE B,ROBO EYE B,NONE,BLUE CHARGER JACKET,YBN BEANING B,NONE,BEHOLDER B,
146,DYSTOPIAN NANCY #146,THE TECH SINGULARITY IS HERE: TWO HUNDRED 1/1 GENERATIVE DYSTOPIAN NANCY'S - WHICH SIDE ARE YOU ON?,DRONE B,DRUNK,SIGNAL SUBDERMAL,BLUE LASER-PROOF VEST,LRC BEANIE B,HOLO GLASSES B,LIGHT ORB,
147,DYSTOPIAN NANCY #147,THE TECH SINGULARITY IS HERE: TWO HUNDRED 1/1 GENERATIVE DYSTOPIAN NANCY'S - WHICH SIDE ARE YOU ON?,ROBOT GENERATOR P,GRILL P,SCANNER SUBDERMAL,PURPLE TRANSPARENT JACKET,HAIR,NONE,LASER SWORD P,
148,DYSTOPIAN NANCY #148,THE TECH SINGULARITY IS HERE: TWO HUNDRED 1/1 GENERATIVE DYSTOPIAN NANCY'S - WHICH SIDE ARE YOU ON?,BATTLEFIELD P,ROBOT P,COMPLETE,PURPLE TRANSPARENT JACKET,GLOWING HAIR P,NONE,DATA CUBE P,
149,DYSTOPIAN NANCY #149,THE TECH SINGULARITY IS HERE: TWO HUNDRED 1/1 GENERATIVE DYSTOPIAN NANCY'S - WHICH SIDE ARE YOU ON?,DRONE P,SCAR P,EXPOSED BIONICS,PURPLE ELASTIC SHIRT,HAIR,NONE,LASER SWORD P,
150,DYSTOPIAN NANCY #150,THE TECH SINGULARITY IS HERE: TWO HUNDRED 1/1 GENERATIVE DYSTOPIAN NANCY'S - WHICH SIDE ARE YOU ON?,ALL SEEING EYE B,ROBO EYE B,EXPOSED BIONICS,BLUE SKYDIVE SHIRT,HAIR,NONE,BEHOLDER B,
151,DYSTOPIAN NANCY #151,THE TECH SINGULARITY IS HERE: TWO HUNDRED 1/1 GENERATIVE DYSTOPIAN NANCY'S - WHICH SIDE ARE YOU ON?,CLONE B,HAPPY,NONE,BLUE CHARGER SHIRT,HAIR,NONE,BEHOLDER B,
152,DYSTOPIAN NANCY #152,THE TECH SINGULARITY IS HERE: TWO HUNDRED 1/1 GENERATIVE DYSTOPIAN NANCY'S - WHICH SIDE ARE YOU ON?,ALL SEEING EYE B,DRUNK,SCANNER SUBDERMAL,BLUE CHARGER SHIRT,HAIR,NONE,LIGHT ORB,
153,DYSTOPIAN NANCY #153,THE TECH SINGULARITY IS HERE: TWO HUNDRED 1/1 GENERATIVE DYSTOPIAN NANCY'S - WHICH SIDE ARE YOU ON?,ALL SEEING EYE P,SCALES P,SCANNER SUBDERMAL,PURPLE CHARGER SHIRT,HAIR,VISOR P,LIGHT ORB,
154,DYSTOPIAN NANCY #154,THE TECH SINGULARITY IS HERE: TWO HUNDRED 1/1 GENERATIVE DYSTOPIAN NANCY'S - WHICH SIDE ARE YOU ON?,BATTLEFIELD P,SCAR P,NONE,PURPLE CHARGER SHIRT,NEUROLINK 69000 P,NONE,RAYGUN P,
155,DYSTOPIAN NANCY #155,THE TECH SINGULARITY IS HERE: TWO HUNDRED 1/1 GENERATIVE DYSTOPIAN NANCY'S - WHICH SIDE ARE YOU ON?,ALL SEEING EYE P,ROBO EYE P,SCANNER SUBDERMAL,PURPLE LASER-PROOF VEST,HAIR,NONE,BEHOLDER P,
156,DYSTOPIAN NANCY #156,THE TECH SINGULARITY IS HERE: TWO HUNDRED 1/1 GENERATIVE DYSTOPIAN NANCY'S - WHICH SIDE ARE YOU ON?,BATTLEFIELD P,ROBO EYE P,SIGNAL SUBDERMAL,NONE,HAIR,NONE,SIMULATION SCREEN P,
157,DYSTOPIAN NANCY #157,THE TECH SINGULARITY IS HERE: TWO HUNDRED 1/1 GENERATIVE DYSTOPIAN NANCY'S - WHICH SIDE ARE YOU ON?,ROBOT GENERATOR B,HAPPY,SCANNER SUBDERMAL,BLUE SKYDIVE SHIRT,HAIR,NONE,LIGHT ORB,
158,DYSTOPIAN NANCY #158,THE TECH SINGULARITY IS HERE: TWO HUNDRED 1/1 GENERATIVE DYSTOPIAN NANCY'S - WHICH SIDE ARE YOU ON?,ROBOT GENERATOR P,HAPPY,EXPOSED BIONICS,PURPLE YBN SHIRT,HAIR,NONE,BEHOLDER P,
159,DYSTOPIAN NANCY #159,THE TECH SINGULARITY IS HERE: TWO HUNDRED 1/1 GENERATIVE DYSTOPIAN NANCY'S - WHICH SIDE ARE YOU ON?,CLONE B,HAPPY,SCANNER SUBDERMAL,BLACK BOMBER JACKET,HAIR,HOLO GLASSES B,LASER SWORD B,
160,DYSTOPIAN NANCY #160,THE TECH SINGULARITY IS HERE: TWO HUNDRED 1/1 GENERATIVE DYSTOPIAN NANCY'S - WHICH SIDE ARE YOU ON?,ROBOT GENERATOR P,HAPPY,EXPOSED BIONICS,PURPLE SKYDIVE SHIRT,NEUROLINK 69000 P,NONE,SIMULATION SCREEN P,
161,DYSTOPIAN NANCY #161,THE TECH SINGULARITY IS HERE: TWO HUNDRED 1/1 GENERATIVE DYSTOPIAN NANCY'S - WHICH SIDE ARE YOU ON?,ROBOT GENERATOR B,HAPPY,EXPOSED BIONICS,NONE,HAIR,NONE,RAYGUN B,
162,DYSTOPIAN NANCY #162,THE TECH SINGULARITY IS HERE: TWO HUNDRED 1/1 GENERATIVE DYSTOPIAN NANCY'S - WHICH SIDE ARE YOU ON?,BATTLEFIELD B,GRILL B,SIGNAL SUBDERMAL,BLUE BOMBER JACKET,HAIR,NONE,LIGHT ORB,
163,DYSTOPIAN NANCY #163,THE TECH SINGULARITY IS HERE: TWO HUNDRED 1/1 GENERATIVE DYSTOPIAN NANCY'S - WHICH SIDE ARE YOU ON?,LOVELY P,SCALES P,SIGNAL SUBDERMAL,PURPLE CHARGER JACKET,HAIR,NONE,LASER SWORD P,
164,DYSTOPIAN NANCY #164,THE TECH SINGULARITY IS HERE: TWO HUNDRED 1/1 GENERATIVE DYSTOPIAN NANCY'S - WHICH SIDE ARE YOU ON?,ALL SEEING EYE B,SCAR B,SCANNER SUBDERMAL,BLUE CHARGER SHIRT,HAIR,NONE,SIMULATION SCREEN B,
165,DYSTOPIAN NANCY #165,THE TECH SINGULARITY IS HERE: TWO HUNDRED 1/1 GENERATIVE DYSTOPIAN NANCY'S - WHICH SIDE ARE YOU ON?,HOLOGRAM P,HAPPY,SIGNAL SUBDERMAL,PURPLE SKYDIVE SHIRT,HAIR,VISOR P,LASER SWORD P,
166,DYSTOPIAN NANCY #166,THE TECH SINGULARITY IS HERE: TWO HUNDRED 1/1 GENERATIVE DYSTOPIAN NANCY'S - WHICH SIDE ARE YOU ON?,HOLOGRAM B,GRILL B,SCANNER SUBDERMAL,BLUE LASER-PROOF VEST,YBN BEANING B,VISOR B,LASER SWORD B,
167,DYSTOPIAN NANCY #167,THE TECH SINGULARITY IS HERE: TWO HUNDRED 1/1 GENERATIVE DYSTOPIAN NANCY'S - WHICH SIDE ARE YOU ON?,LOVELY B,HAPPY,EXPOSED BIONICS,NONE,GLOWING HAIR B,NONE,BEHOLDER B,
168,DYSTOPIAN NANCY #168,THE TECH SINGULARITY IS HERE: TWO HUNDRED 1/1 GENERATIVE DYSTOPIAN NANCY'S - WHICH SIDE ARE YOU ON?,BATTLEFIELD P,ROBO EYE P,EXPOSED BIONICS,PURPLE LASER-PROOF VEST,HAIR,NONE,BEHOLDER P,
169,DYSTOPIAN NANCY #169,THE TECH SINGULARITY IS HERE: TWO HUNDRED 1/1 GENERATIVE DYSTOPIAN NANCY'S - WHICH SIDE ARE YOU ON?,HOLOGRAM P,HAPPY,SIGNAL SUBDERMAL,PURPLE CHARGER JACKET,HAIR,NONE,BEHOLDER P,
170,DYSTOPIAN NANCY #170,THE TECH SINGULARITY IS HERE: TWO HUNDRED 1/1 GENERATIVE DYSTOPIAN NANCY'S - WHICH SIDE ARE YOU ON?,DRONE P,SCALES P,SCANNER SUBDERMAL,NONE,HAIR,NONE,SIMULATION SCREEN P,
171,DYSTOPIAN NANCY #171,THE TECH SINGULARITY IS HERE: TWO HUNDRED 1/1 GENERATIVE DYSTOPIAN NANCY'S - WHICH SIDE ARE YOU ON?,HOLOGRAM B,GRILL B,SIGNAL SUBDERMAL,BLUE CHARGER SHIRT,NEUROLINK 69000 B,NONE,LASER SWORD B,
172,DYSTOPIAN NANCY #172,THE TECH SINGULARITY IS HERE: TWO HUNDRED 1/1 GENERATIVE DYSTOPIAN NANCY'S - WHICH SIDE ARE YOU ON?,ROBOT GENERATOR B,DRUNK,SIGNAL SUBDERMAL,NONE,HAIR,HOLO GLASSES B,BEHOLDER B,
173,DYSTOPIAN NANCY #173,THE TECH SINGULARITY IS HERE: TWO HUNDRED 1/1 GENERATIVE DYSTOPIAN NANCY'S - WHICH SIDE ARE YOU ON?,CLONE B,DRUNK,SCANNER SUBDERMAL,BLUE LASER-PROOF VEST,LRC BEANIE B,NONE,BEHOLDER B,
174,DYSTOPIAN NANCY #174,THE TECH SINGULARITY IS HERE: TWO HUNDRED 1/1 GENERATIVE DYSTOPIAN NANCY'S - WHICH SIDE ARE YOU ON?,LOVELY P,HAPPY,SIGNAL SUBDERMAL,PURPLE CHARGER JACKET,HAIR,NONE,SIMULATION SCREEN P,
175,DYSTOPIAN NANCY #175,THE TECH SINGULARITY IS HERE: TWO HUNDRED 1/1 GENERATIVE DYSTOPIAN NANCY'S - WHICH SIDE ARE YOU ON?,ALL SEEING EYE P,SCALES P,SIGNAL SUBDERMAL,PURPLE SKYDIVE SHIRT,YBN BEANING P,NONE,LIGHT ORB,
176,DYSTOPIAN NANCY #176,THE TECH SINGULARITY IS HERE: TWO HUNDRED 1/1 GENERATIVE DYSTOPIAN NANCY'S - WHICH SIDE ARE YOU ON?,CLONE B,SCALES B,SCANNER SUBDERMAL,BLUE ELASTIC SHIRT,HAIR,HOLO GLASSES B,SIMULATION SCREEN B,
177,DYSTOPIAN NANCY #177,THE TECH SINGULARITY IS HERE: TWO HUNDRED 1/1 GENERATIVE DYSTOPIAN NANCY'S - WHICH SIDE ARE YOU ON?,CLONE B,ROBO EYE B,SIGNAL SUBDERMAL,BLUE BOMBER JACKET,HAIR,NONE,LASER SWORD B,
178,DYSTOPIAN NANCY #178,THE TECH SINGULARITY IS HERE: TWO HUNDRED 1/1 GENERATIVE DYSTOPIAN NANCY'S - WHICH SIDE ARE YOU ON?,ALL SEEING EYE P,ROBOT P,COMPLETE,PURPLE TRANSPARENT JACKET,GLOWING HAIR P,NONE,DATA CUBE P,
179,DYSTOPIAN NANCY #179,THE TECH SINGULARITY IS HERE: TWO HUNDRED 1/1 GENERATIVE DYSTOPIAN NANCY'S - WHICH SIDE ARE YOU ON?,HOLOGRAM P,ANGRY,SIGNAL SUBDERMAL,PURPLE YBN SHIRT,GLOWING HAIR P,NONE,SIMULATION SCREEN P,
180,DYSTOPIAN NANCY #180,THE TECH SINGULARITY IS HERE: TWO HUNDRED 1/1 GENERATIVE DYSTOPIAN NANCY'S - WHICH SIDE ARE YOU ON?,CLONE B,DRUNK,NONE,BLUE TRANSPARENT JACKET,HAIR,NONE,SIMULATION SCREEN B,
181,DYSTOPIAN NANCY #181,THE TECH SINGULARITY IS HERE: TWO HUNDRED 1/1 GENERATIVE DYSTOPIAN NANCY'S - WHICH SIDE ARE YOU ON?,ROBOT GENERATOR B,ROBO EYE B,SIGNAL SUBDERMAL,BLUE BOMBER JACKET,GLOWING HAIR B,NONE,RAYGUN B,
182,DYSTOPIAN NANCY #182,THE TECH SINGULARITY IS HERE: TWO HUNDRED 1/1 GENERATIVE DYSTOPIAN NANCY'S - WHICH SIDE ARE YOU ON?,ALL SEEING EYE P,HAPPY,EXPOSED BIONICS,BLACK BOMBER JACKET,HAIR,NONE,LASER SWORD P,
183,DYSTOPIAN NANCY #183,THE TECH SINGULARITY IS HERE: TWO HUNDRED 1/1 GENERATIVE DYSTOPIAN NANCY'S - WHICH SIDE ARE YOU ON?,LOVELY P,ROBOT P,COMPLETE,BLACK BOMBER JACKET,GLOWING HAIR P,NONE,DATA CUBE P,
184,DYSTOPIAN NANCY #184,THE TECH SINGULARITY IS HERE: TWO HUNDRED 1/1 GENERATIVE DYSTOPIAN NANCY'S - WHICH SIDE ARE YOU ON?,CLONE B,SCALES B,SIGNAL SUBDERMAL,BLUE YBN SHIRT,HAIR,NONE,LIGHT ORB,
185,DYSTOPIAN NANCY #185,THE TECH SINGULARITY IS HERE: TWO HUNDRED 1/1 GENERATIVE DYSTOPIAN NANCY'S - WHICH SIDE ARE YOU ON?,LOVELY P,SCALES P,SIGNAL SUBDERMAL,NONE,HAIR,NONE,LASER SWORD P,
186,DYSTOPIAN NANCY #186,THE TECH SINGULARITY IS HERE: TWO HUNDRED 1/1 GENERATIVE DYSTOPIAN NANCY'S - WHICH SIDE ARE YOU ON?,CLONE P,HAPPY,SCANNER SUBDERMAL,BLACK BOMBER JACKET,HAIR,NONE,LASER SWORD P,
187,DYSTOPIAN NANCY #187,THE TECH SINGULARITY IS HERE: TWO HUNDRED 1/1 GENERATIVE DYSTOPIAN NANCY'S - WHICH SIDE ARE YOU ON?,BATTLEFIELD B,SCALES B,SIGNAL SUBDERMAL,BLUE ELASTIC SHIRT,HAIR,VISOR B,BEHOLDER B,
188,DYSTOPIAN NANCY #188,THE TECH SINGULARITY IS HERE: TWO HUNDRED 1/1 GENERATIVE DYSTOPIAN NANCY'S - WHICH SIDE ARE YOU ON?,ROBOT GENERATOR B,SCALES B,SIGNAL SUBDERMAL,BLUE BOMBER JACKET,HAIR,HOLO GLASSES B,LIGHT ORB,
189,DYSTOPIAN NANCY #189,THE TECH SINGULARITY IS HERE: TWO HUNDRED 1/1 GENERATIVE DYSTOPIAN NANCY'S - WHICH SIDE ARE YOU ON?,LOVELY B,SCALES B,SCANNER SUBDERMAL,BLUE CHARGER JACKET,HAIR,NONE,BEHOLDER B,
190,DYSTOPIAN NANCY #190,THE TECH SINGULARITY IS HERE: TWO HUNDRED 1/1 GENERATIVE DYSTOPIAN NANCY'S - WHICH SIDE ARE YOU ON?,BATTLEFIELD P,HAPPY,EXPOSED BIONICS,BLACK BOMBER JACKET,HAIR,NONE,RAYGUN P,
191,DYSTOPIAN NANCY #191,THE TECH SINGULARITY IS HERE: TWO HUNDRED 1/1 GENERATIVE DYSTOPIAN NANCY'S - WHICH SIDE ARE YOU ON?,ALL SEEING EYE P,ROBOT P,COMPLETE,BLACK BOMBER JACKET,GLOWING HAIR P,HOLO GLASSES P,DATA CUBE P,
192,DYSTOPIAN NANCY #192,THE TECH SINGULARITY IS HERE: TWO HUNDRED 1/1 GENERATIVE DYSTOPIAN NANCY'S - WHICH SIDE ARE YOU ON?,BATTLEFIELD B,SCALES B,EXPOSED BIONICS,BLUE ELASTIC SHIRT,HAIR,NONE,LASER SWORD B,
193,DYSTOPIAN NANCY #193,THE TECH SINGULARITY IS HERE: TWO HUNDRED 1/1 GENERATIVE DYSTOPIAN NANCY'S - WHICH SIDE ARE YOU ON?,DRONE P,ROBO EYE P,NONE,PURPLE CHARGER SHIRT,LRC BEANIE P,NONE,RAYGUN P,
194,DYSTOPIAN NANCY #194,THE TECH SINGULARITY IS HERE: TWO HUNDRED 1/1 GENERATIVE DYSTOPIAN NANCY'S - WHICH SIDE ARE YOU ON?,BATTLEFIELD B,ANGRY,SIGNAL SUBDERMAL,BLUE MONITOR JACKET,HAIR,NONE,LASER SWORD B,
195,DYSTOPIAN NANCY #195,THE TECH SINGULARITY IS HERE: TWO HUNDRED 1/1 GENERATIVE DYSTOPIAN NANCY'S - WHICH SIDE ARE YOU ON?,DRONE B,SCALES B,SIGNAL SUBDERMAL,BLUE MONITOR JACKET,GLOWING HAIR B,NONE,RAYGUN B,
196,DYSTOPIAN NANCY #196,THE TECH SINGULARITY IS HERE: TWO HUNDRED 1/1 GENERATIVE DYSTOPIAN NANCY'S - WHICH SIDE ARE YOU ON?,ALL SEEING EYE B,SCAR B,NONE,BLUE MONITOR JACKET,HAIR,NONE,LASER SWORD B,
197,DYSTOPIAN NANCY #197,THE TECH SINGULARITY IS HERE: TWO HUNDRED 1/1 GENERATIVE DYSTOPIAN NANCY'S - WHICH SIDE ARE YOU ON?,HOLOGRAM P,SCALES P,EXPOSED BIONICS,PURPLE BOMBER JACKET,NEUROLINK 69000 P,NONE,LASER SWORD P,
198,DYSTOPIAN NANCY #198,THE TECH SINGULARITY IS HERE: TWO HUNDRED 1/1 GENERATIVE DYSTOPIAN NANCY'S - WHICH SIDE ARE YOU ON?,CLONE P,SCAR P,SCANNER SUBDERMAL,PURPLE SKYDIVE SHIRT,HAIR,NONE,LIGHT ORB,
199,DYSTOPIAN NANCY #199,THE TECH SINGULARITY IS HERE: TWO HUNDRED 1/1 GENERATIVE DYSTOPIAN NANCY'S - WHICH SIDE ARE YOU ON?,ALL SEEING EYE B,ANGRY,SIGNAL SUBDERMAL,NONE,HAIR,NONE,SIMULATION SCREEN B,
200,DYSTOPIAN NANCY #200,THE TECH SINGULARITY IS HERE: TWO HUNDRED 1/1 GENERATIVE DYSTOPIAN NANCY'S - WHICH SIDE ARE YOU ON?,CLONE P,HAPPY,SCANNER SUBDERMAL,BLACK BOMBER JACKET,HAIR,NONE,LIGHT ORB,
